"Thaali Number	","Name	",ID Number
1,Person 1,101
2,Person 2,102
3,Person 3,103
4,Person 4,104
5,Person 5,105
6,Person 6,106
7,Person 7,107
8,Person 8,108
9,Person 9,109
10,Person 10,110
11,Person 11,111
12,Person 12,112
13,Person 13,113
14,Person 14,114
15,Person 15,115
16,Person 16,116
17,Person 17,117
18,Person 18,118
19,Person 19,119
20,Person 20,120
21,Person 21,121
22,Person 22,122
23,Person 23,123
24,Person 24,124
25,Person 25,125
26,Person 26,126
27,Person 27,127
28,Person 28,128
29,Person 29,129
30,Person 30,130
31,Person 31,131
32,Person 32,132
33,Person 33,133
34,Person 34,134
35,Person 35,135
36,Person 36,136
37,Person 37,137
38,Person 38,138
39,Person 39,139
40,Person 40,140
41,Person 41,141
42,Person 42,142
43,Person 43,143
44,Person 44,144
45,Person 45,145
46,Person 46,146
47,Person 47,147
48,Person 48,148
49,Person 49,149
50,Person 50,150
51,Person 51,151
52,Person 52,152
53,Person 53,153
54,Person 54,154
55,Person 55,155
56,Person 56,156
57,Person 57,157
58,Person 58,158
59,Person 59,159
60,Person 60,160
61,Person 61,161
62,Person 62,162
63,Person 63,163
64,Person 64,164
65,Person 65,165
66,Person 66,166
67,Person 67,167
68,Person 68,168
69,Person 69,169
70,Person 70,170
71,Person 71,171
72,Person 72,172
73,Person 73,173
74,Person 74,174
75,Person 75,175
76,Person 76,176
77,Person 77,177
78,Person 78,178
79,Person 79,179
80,Person 80,180
81,Person 81,181
82,Person 82,182
83,Person 83,183
84,Person 84,184
85,Person 85,185
86,Person 86,186
87,Person 87,187
88,Person 88,188
89,Person 89,189
90,Person 90,190
91,Person 91,191
92,Person 92,192
93,Person 93,193
94,Person 94,194
95,Person 95,195
96,Person 96,196
97,Person 97,197
98,Person 98,198
99,Person 99,199
100,Person 100,200
